id	link
650	https://www.kijiji.it/annunci/affitto/roma-annunci-roma/metro-a-furio-camillio-bilocale-via-g-la-farina/139954318
948	https://www.kijiji.it/annunci/affitto/roma-annunci-roma/appartamento-catania-zona-metro-b-bologna/119672186
1606	https://www.kijiji.it/annunci/affitto/roma-annunci-roma/parioli-via-archimede/76927855
1706	https://www.kijiji.it/annunci/affitto/roma-annunci-roma/parioli-via-archimede/76884711
1806	https://www.kijiji.it/annunci/affitto/roma-annunci-roma/parioli-via-archimede/76291699
1964	https://www.kijiji.it/annunci/affitto/roma-annunci-roma/parioli-via-archimede/76151423
1667	https://www.kijiji.it/annunci/affitto/roma-annunci-roma/particolare-ufficio-open-space-all-aventino/76887012
2096	https://www.kijiji.it/annunci/affitto/roma-annunci-roma/particolare-ufficio-open-space-all-aventino/76112776
2182	https://www.kijiji.it/annunci/affitto/roma-annunci-roma/particolare-ufficio-open-space-all-aventino/76092173
2331	https://www.kijiji.it/annunci/affitto/roma-annunci-roma/particolare-ufficio-open-space-all-aventino/76041211
1568	https://www.kijiji.it/annunci/affitto/roma-annunci-roma/negozio-rif-e74-04-16/76930948
1677	https://www.kijiji.it/annunci/affitto/roma-annunci-roma/negozio-rif-e74-04-16/76886910
1773	https://www.kijiji.it/annunci/affitto/roma-annunci-roma/negozio-rif-e74-04-16/76294958
1932	https://www.kijiji.it/annunci/affitto/roma-annunci-roma/negozio-rif-e74-04-16/76154682
2152	https://www.kijiji.it/annunci/affitto/roma-annunci-roma/negozio-rif-e74-04-16/76095401
2346	https://www.kijiji.it/annunci/affitto/roma-annunci-roma/negozio-rif-e74-04-16/76035592
2375	https://www.kijiji.it/annunci/affitto/roma-annunci-roma/negozio-rif-e74-04-16/76031997
1569	https://www.kijiji.it/annunci/affitto/roma-annunci-roma/negozio-rif-e74-04-17/76930947
1678	https://www.kijiji.it/annunci/affitto/roma-annunci-roma/negozio-rif-e74-04-17/76886909
1774	https://www.kijiji.it/annunci/affitto/roma-annunci-roma/negozio-rif-e74-04-17/76294957
1933	https://www.kijiji.it/annunci/affitto/roma-annunci-roma/negozio-rif-e74-04-17/76154679
2153	https://www.kijiji.it/annunci/affitto/roma-annunci-roma/negozio-rif-e74-04-17/76095400
2347	https://www.kijiji.it/annunci/affitto/roma-annunci-roma/negozio-rif-e74-04-17/76035591
2376	https://www.kijiji.it/annunci/affitto/roma-annunci-roma/negozio-rif-e74-04-17/76031995
1656	https://www.kijiji.it/annunci/affitto/roma-annunci-roma/ufficio-di-rappresentanza-vicino-via-veneto/76888132
2098	https://www.kijiji.it/annunci/affitto/roma-annunci-roma/ufficio-di-rappresentanza-vicino-via-veneto/76112736
2091	https://www.kijiji.it/annunci/affitto/roma-annunci-roma/prenestina-villa-gordiani/76113137
2360	https://www.kijiji.it/annunci/affitto/roma-annunci-roma/prenestina-villa-gordiani/76035518
1714	https://www.kijiji.it/annunci/affitto/roma-annunci-roma/portuense-villa-bonelli/76884700
1754	https://www.kijiji.it/annunci/affitto/roma-annunci-roma/portuense-villa-bonelli/76295135
1884	https://www.kijiji.it/annunci/affitto/roma-annunci-roma/portuense-villa-bonelli/76167219
1914	https://www.kijiji.it/annunci/affitto/roma-annunci-roma/portuense-villa-bonelli/76154928
2007	https://www.kijiji.it/annunci/affitto/roma-annunci-roma/portuense-villa-bonelli/76132977
2079	https://www.kijiji.it/annunci/affitto/roma-annunci-roma/portuense-villa-bonelli/76113301
1716	https://www.kijiji.it/annunci/affitto/roma-annunci-roma/trieste-via-del-giuba-locale-commerciale/76884698
1756	https://www.kijiji.it/annunci/affitto/roma-annunci-roma/trieste-via-del-giuba-locale-commerciale/76295133
1916	https://www.kijiji.it/annunci/affitto/roma-annunci-roma/trieste-via-del-giuba-locale-commerciale/76154925
2008	https://www.kijiji.it/annunci/affitto/roma-annunci-roma/trieste-via-del-giuba-locale-commerciale/76132933
2082	https://www.kijiji.it/annunci/affitto/roma-annunci-roma/trieste-via-del-giuba-locale-commerciale/76113293
2324	https://www.kijiji.it/annunci/affitto/roma-annunci-roma/trieste-via-del-giuba-locale-commerciale/76042272
1441	https://www.kijiji.it/annunci/affitto/roma-annunci-roma/ufficio-rif-mazzola1500/77041947
1443	https://www.kijiji.it/annunci/affitto/roma-annunci-roma/ufficio-rif-mazzola386/77032390
1444	https://www.kijiji.it/annunci/affitto/roma-annunci-roma/ufficio-rif-mazzola750/77032332
1445	https://www.kijiji.it/annunci/affitto/roma-annunci-roma/ufficio-rif-mazzola620/77032284
1446	https://www.kijiji.it/annunci/affitto/roma-annunci-roma/ufficio-rif-mazzola300/77032281
1539	https://www.kijiji.it/annunci/affitto/roma-annunci-roma/ufficio-rif-mazzola300/76938834
1630	https://www.kijiji.it/annunci/affitto/roma-annunci-roma/ufficio-rif-mazzola386/76926402
1632	https://www.kijiji.it/annunci/affitto/roma-annunci-roma/ufficio-rif-mazzola900/76926396
1633	https://www.kijiji.it/annunci/affitto/roma-annunci-roma/ufficio-rif-mazzola1500/76926395
1634	https://www.kijiji.it/annunci/affitto/roma-annunci-roma/ufficio-rif-mazzola750/76926393
1635	https://www.kijiji.it/annunci/affitto/roma-annunci-roma/ufficio-rif-mazzola620/76926392
1638	https://www.kijiji.it/annunci/affitto/roma-annunci-roma/ufficio-rif-mazzola386/76902112
1723	https://www.kijiji.it/annunci/affitto/roma-annunci-roma/ufficio-rif-mazzola900/76883441
1724	https://www.kijiji.it/annunci/affitto/roma-annunci-roma/ufficio-rif-mazzola1500/76883440
1725	https://www.kijiji.it/annunci/affitto/roma-annunci-roma/ufficio-rif-mazzola750/76883439
1726	https://www.kijiji.it/annunci/affitto/roma-annunci-roma/ufficio-rif-mazzola620/76883438
1727	https://www.kijiji.it/annunci/affitto/roma-annunci-roma/ufficio-rif-mazzola300/76883437
1731	https://www.kijiji.it/annunci/affitto/roma-annunci-roma/ufficio-rif-mazzola900/76553166
1737	https://www.kijiji.it/annunci/affitto/roma-annunci-roma/ufficio-rif-mazzola750/76302439
1738	https://www.kijiji.it/annunci/affitto/roma-annunci-roma/ufficio-rif-mazzola620/76302437
1739	https://www.kijiji.it/annunci/affitto/roma-annunci-roma/ufficio-rif-mazzola300/76302433
1830	https://www.kijiji.it/annunci/affitto/roma-annunci-roma/ufficio-rif-mazzola386/76289995
1832	https://www.kijiji.it/annunci/affitto/roma-annunci-roma/ufficio-rif-mazzola900/76289987
1833	https://www.kijiji.it/annunci/affitto/roma-annunci-roma/ufficio-rif-mazzola1500/76289984
1834	https://www.kijiji.it/annunci/affitto/roma-annunci-roma/ufficio-rif-mazzola386/76259326
1841	https://www.kijiji.it/annunci/affitto/roma-annunci-roma/ufficio-rif-mazzola900/76250480
1842	https://www.kijiji.it/annunci/affitto/roma-annunci-roma/ufficio-rif-mazzola1500/76250470
1856	https://www.kijiji.it/annunci/affitto/roma-annunci-roma/ufficio-rif-mazzola300/76193773
1857	https://www.kijiji.it/annunci/affitto/roma-annunci-roma/ufficio-rif-mazzola620/76193756
1858	https://www.kijiji.it/annunci/affitto/roma-annunci-roma/ufficio-rif-mazzola1500/76193694
1859	https://www.kijiji.it/annunci/affitto/roma-annunci-roma/ufficio-rif-mazzola900/76193675
1893	https://www.kijiji.it/annunci/affitto/roma-annunci-roma/ufficio-rif-mazzola750/76164408
1996	https://www.kijiji.it/annunci/affitto/roma-annunci-roma/ufficio-rif-mazzola386/76148942
1998	https://www.kijiji.it/annunci/affitto/roma-annunci-roma/ufficio-rif-mazzola1500/76148929
1999	https://www.kijiji.it/annunci/affitto/roma-annunci-roma/ufficio-rif-mazzola750/76148926
2000	https://www.kijiji.it/annunci/affitto/roma-annunci-roma/ufficio-rif-mazzola620/76148922
2001	https://www.kijiji.it/annunci/affitto/roma-annunci-roma/ufficio-rif-mazzola300/76148918
2122	https://www.kijiji.it/annunci/affitto/roma-annunci-roma/ufficio-rif-mazzola386/76103711
2311	https://www.kijiji.it/annunci/affitto/roma-annunci-roma/ufficio-rif-mazzola386/76048336
1526	https://www.kijiji.it/annunci/affitto/roma-annunci-roma/colombo-mura-aureliane/77018948
1631	https://www.kijiji.it/annunci/affitto/roma-annunci-roma/colombo-mura-aureliane/76926399
1637	https://www.kijiji.it/annunci/affitto/roma-annunci-roma/colombo-mura-aureliane/76902125
1643	https://www.kijiji.it/annunci/affitto/roma-annunci-roma/colombo-mura-aureliane/76897506
1730	https://www.kijiji.it/annunci/affitto/roma-annunci-roma/colombo-mura-aureliane/76573379
1831	https://www.kijiji.it/annunci/affitto/roma-annunci-roma/colombo-mura-aureliane/76289991
1844	https://www.kijiji.it/annunci/affitto/roma-annunci-roma/colombo-mura-aureliane/76196709
1997	https://www.kijiji.it/annunci/affitto/roma-annunci-roma/colombo-mura-aureliane/76148937
2058	https://www.kijiji.it/annunci/affitto/roma-annunci-roma/colombo-mura-aureliane/76118887
2124	https://www.kijiji.it/annunci/affitto/roma-annunci-roma/colombo-mura-aureliane/76103573
2312	https://www.kijiji.it/annunci/affitto/roma-annunci-roma/colombo-mura-aureliane/76048318
2321	https://www.kijiji.it/annunci/affitto/roma-annunci-roma/colombo-mura-aureliane/76048184
1644	https://www.kijiji.it/annunci/affitto/roma-annunci-roma/colombo-mura-aureliane/76897503
1899	https://www.kijiji.it/annunci/affitto/roma-annunci-roma/colombo-mura-aureliane/76159887
2059	https://www.kijiji.it/annunci/affitto/roma-annunci-roma/colombo-mura-aureliane/76118885
2125	https://www.kijiji.it/annunci/affitto/roma-annunci-roma/colombo-mura-aureliane/76103505
2322	https://www.kijiji.it/annunci/affitto/roma-annunci-roma/colombo-mura-aureliane/76048180
1661	https://www.kijiji.it/annunci/affitto/roma-annunci-roma/aurelia-antica/76887154
1816	https://www.kijiji.it/annunci/affitto/roma-annunci-roma/aurelia-antica/76291665
1910	https://www.kijiji.it/annunci/affitto/roma-annunci-roma/aurelia-antica/76154947
2071	https://www.kijiji.it/annunci/affitto/roma-annunci-roma/aurelia-antica/76113394
2113	https://www.kijiji.it/annunci/affitto/roma-annunci-roma/aurelia-antica/76112290
1665	https://www.kijiji.it/annunci/affitto/roma-annunci-roma/importante-dimora-storica-nel-cuore-di-roma/76887022
2093	https://www.kijiji.it/annunci/affitto/roma-annunci-roma/importante-dimora-storica-nel-cuore-di-roma/76112801
2248	https://www.kijiji.it/annunci/affitto/roma-annunci-roma/importante-dimora-storica-nel-cuore-di-roma/76086431
2285	https://www.kijiji.it/annunci/affitto/roma-annunci-roma/importante-dimora-storica-nel-cuore-di-roma/76062741
2097	https://www.kijiji.it/annunci/affitto/roma-annunci-roma/prestigioso-ufficio-in-palazzo-cinquecentesco/76112771
2293	https://www.kijiji.it/annunci/affitto/roma-annunci-roma/trastevere/76062385
2077	https://www.kijiji.it/annunci/affitto/roma-annunci-roma/villa-lais/76113337
1629	https://www.kijiji.it/annunci/affitto/roma-annunci-roma/ufficio-rif-solferino-123/76926409
1838	https://www.kijiji.it/annunci/affitto/roma-annunci-roma/ufficio-rif-solferino-123/76259291
1994	https://www.kijiji.it/annunci/affitto/roma-annunci-roma/ufficio-rif-solferino-123/76148953
2053	https://www.kijiji.it/annunci/affitto/roma-annunci-roma/ufficio-rif-solferino-123/76118974
2198	https://www.kijiji.it/annunci/affitto/roma-annunci-roma/ufficio-rif-solferino-123/76090984
2316	https://www.kijiji.it/annunci/affitto/roma-annunci-roma/ufficio-rif-solferino-123/76048258
443	https://www.kijiji.it/annunci/affitto/roma-annunci-roma/bilocale-via-giovanni-pacini-roma/143825024
752	https://www.kijiji.it/annunci/affitto/roma-annunci-roma/bilocale-tutto-ristrutturato-zona-metro-b-bologna/120622866
836	https://www.kijiji.it/annunci/affitto/roma-annunci-roma/bilocale-l-magnifico-86-zona-metro-b-bologna/119840200
455	https://www.kijiji.it/annunci/affitto/roma-annunci-nomentano-bologna/affittasi-stanze-arredate-uso-studio/134476183
806	https://www.kijiji.it/annunci/affitto/roma-annunci-prenestino-casilino/prenestina-appartamento-arredato/142869812
225	https://www.kijiji.it/annunci/affitto/roma-annunci-roma/appartamento-arredato-in-villa-zona-campus-biomedico/144349044
1334	https://www.kijiji.it/annunci/affitto/roma-annunci-roma/appartamento-situato-a-roma-di-60-mq-rif-iti-008-su30068/127239869
1335	https://www.kijiji.it/annunci/affitto/roma-annunci-roma/appartamento-situato-a-roma-di-100-mq-rif-iti-008-30321/127239828
1348	https://www.kijiji.it/annunci/affitto/roma-annunci-roma/appartamento-situato-a-roma-di-95-mq-rif-iti-008-29788/123961319
1356	https://www.kijiji.it/annunci/affitto/roma-annunci-roma/appartamento-situato-a-roma-di-50-mq-rif-iti-008-29468/122534086
1619	https://www.kijiji.it/annunci/affitto/roma-annunci-roma/monteverde-gianicolense/76927829
1720	https://www.kijiji.it/annunci/affitto/roma-annunci-roma/monteverde-gianicolense/76884687
1743	https://www.kijiji.it/annunci/affitto/roma-annunci-roma/monteverde-gianicolense/76295181
2065	https://www.kijiji.it/annunci/affitto/roma-annunci-roma/monteverde-gianicolense/76113481
2183	https://www.kijiji.it/annunci/affitto/roma-annunci-roma/monteverde-gianicolense/76092085
2272	https://www.kijiji.it/annunci/affitto/roma-annunci-roma/monteverde-gianicolense/76064965
1551	https://www.kijiji.it/annunci/affitto/roma-annunci-roma/ardeatina-grottaperfetta/76931145
1761	https://www.kijiji.it/annunci/affitto/roma-annunci-roma/ardeatina-grottaperfetta/76295125
1921	https://www.kijiji.it/annunci/affitto/roma-annunci-roma/ardeatina-grottaperfetta/76154915
2121	https://www.kijiji.it/annunci/affitto/roma-annunci-roma/ardeatina-grottaperfetta/76106760
1552	https://www.kijiji.it/annunci/affitto/roma-annunci-roma/eur/76931143
1807	https://www.kijiji.it/annunci/affitto/roma-annunci-roma/eur/76291683
1890	https://www.kijiji.it/annunci/affitto/roma-annunci-roma/eur/76166769
1904	https://www.kijiji.it/annunci/affitto/roma-annunci-roma/eur/76157181
2251	https://www.kijiji.it/annunci/affitto/roma-annunci-roma/eur/76086392
2327	https://www.kijiji.it/annunci/affitto/roma-annunci-roma/eur/76042134
1553	https://www.kijiji.it/annunci/affitto/roma-annunci-roma/infernetto/76931141
1808	https://www.kijiji.it/annunci/affitto/roma-annunci-roma/infernetto/76291682
1891	https://www.kijiji.it/annunci/affitto/roma-annunci-roma/infernetto/76166767
1965	https://www.kijiji.it/annunci/affitto/roma-annunci-roma/infernetto/76151408
2252	https://www.kijiji.it/annunci/affitto/roma-annunci-roma/infernetto/76086391
2328	https://www.kijiji.it/annunci/affitto/roma-annunci-roma/infernetto/76042131
1556	https://www.kijiji.it/annunci/affitto/roma-annunci-roma/appartamento-3-locali-rif-b-135/76931134
1811	https://www.kijiji.it/annunci/affitto/roma-annunci-roma/appartamento-3-locali-rif-b-135/76291676
1853	https://www.kijiji.it/annunci/affitto/roma-annunci-roma/appartamento-3-locali-rif-b-135/76195116
1968	https://www.kijiji.it/annunci/affitto/roma-annunci-roma/appartamento-3-locali-rif-b-135/76151401
2085	https://www.kijiji.it/annunci/affitto/roma-annunci-roma/appartamento-3-locali-rif-b-135/76113190
2329	https://www.kijiji.it/annunci/affitto/roma-annunci-roma/appartamento-3-locali-rif-b-135/76042088
1582	https://www.kijiji.it/annunci/affitto/roma-annunci-roma/appartamento-4-locali-rif-ln14009/76929045
2045	https://www.kijiji.it/annunci/affitto/roma-annunci-roma/appartamento-4-locali-rif-ln14009/76122770
2171	https://www.kijiji.it/annunci/affitto/roma-annunci-roma/appartamento-4-locali-rif-ln14009/76093823
2200	https://www.kijiji.it/annunci/affitto/roma-annunci-roma/appartamento-4-locali-rif-ln14009/76090282
1592	https://www.kijiji.it/annunci/affitto/roma-annunci-roma/ufficio-in-contesto-esclusivo-nel-centro-di-roma/76928003
1649	https://www.kijiji.it/annunci/affitto/roma-annunci-roma/ufficio-in-contesto-esclusivo-nel-centro-di-roma/76895003
1732	https://www.kijiji.it/annunci/affitto/roma-annunci-roma/ufficio-in-contesto-esclusivo-nel-centro-di-roma/76542048
1800	https://www.kijiji.it/annunci/affitto/roma-annunci-roma/ufficio-in-contesto-esclusivo-nel-centro-di-roma/76291814
1942	https://www.kijiji.it/annunci/affitto/roma-annunci-roma/ufficio-in-contesto-esclusivo-nel-centro-di-roma/76154150
1762	https://www.kijiji.it/annunci/affitto/roma-annunci-roma/marconi/76295121
1888	https://www.kijiji.it/annunci/affitto/roma-annunci-roma/marconi/76166798
1973	https://www.kijiji.it/annunci/affitto/roma-annunci-roma/marconi/76151391
2090	https://www.kijiji.it/annunci/affitto/roma-annunci-roma/marconi/76113144
2255	https://www.kijiji.it/annunci/affitto/roma-annunci-roma/marconi/76086377
2359	https://www.kijiji.it/annunci/affitto/roma-annunci-roma/marconi/76035520
1609	https://www.kijiji.it/annunci/affitto/roma-annunci-roma/trieste/76927847
1710	https://www.kijiji.it/annunci/affitto/roma-annunci-roma/trieste/76884705
1736	https://www.kijiji.it/annunci/affitto/roma-annunci-roma/trieste/76348637
1750	https://www.kijiji.it/annunci/affitto/roma-annunci-roma/trieste/76295148
1980	https://www.kijiji.it/annunci/affitto/roma-annunci-roma/trieste/76151373
2117	https://www.kijiji.it/annunci/affitto/roma-annunci-roma/trieste/76107991
2228	https://www.kijiji.it/annunci/affitto/roma-annunci-roma/trieste/76089315
1660	https://www.kijiji.it/annunci/affitto/roma-annunci-roma/centocelle/76887157
1748	https://www.kijiji.it/annunci/affitto/roma-annunci-roma/centocelle/76295155
1909	https://www.kijiji.it/annunci/affitto/roma-annunci-roma/centocelle/76154954
2070	https://www.kijiji.it/annunci/affitto/roma-annunci-roma/centocelle/76113420
2259	https://www.kijiji.it/annunci/affitto/roma-annunci-roma/centocelle/76086368
2277	https://www.kijiji.it/annunci/affitto/roma-annunci-roma/centocelle/76064787
1707	https://www.kijiji.it/annunci/affitto/roma-annunci-roma/casetta-mattei/76884709
1820	https://www.kijiji.it/annunci/affitto/roma-annunci-roma/casetta-mattei/76291650
1976	https://www.kijiji.it/annunci/affitto/roma-annunci-roma/casetta-mattei/76151379
2224	https://www.kijiji.it/annunci/affitto/roma-annunci-roma/casetta-mattei/76089325
2278	https://www.kijiji.it/annunci/affitto/roma-annunci-roma/casetta-mattei/76064777
2323	https://www.kijiji.it/annunci/affitto/roma-annunci-roma/casetta-mattei/76042294
1669	https://www.kijiji.it/annunci/affitto/roma-annunci-roma/ufficio-di-rappresentanza-in-dimora-storica/76886997
1961	https://www.kijiji.it/annunci/affitto/roma-annunci-roma/ufficio-di-rappresentanza-in-dimora-storica/76151508
2020	https://www.kijiji.it/annunci/affitto/roma-annunci-roma/ufficio-di-rappresentanza-in-dimora-storica/76131805
2215	https://www.kijiji.it/annunci/affitto/roma-annunci-roma/ufficio-di-rappresentanza-in-dimora-storica/76089450
1670	https://www.kijiji.it/annunci/affitto/roma-annunci-roma/luminoso-ufficio-nel-cuore-di-roma/76886996
1962	https://www.kijiji.it/annunci/affitto/roma-annunci-roma/luminoso-ufficio-nel-cuore-di-roma/76151507
2021	https://www.kijiji.it/annunci/affitto/roma-annunci-roma/luminoso-ufficio-nel-cuore-di-roma/76131755
2216	https://www.kijiji.it/annunci/affitto/roma-annunci-roma/luminoso-ufficio-nel-cuore-di-roma/76089438
1718	https://www.kijiji.it/annunci/affitto/roma-annunci-roma/infernetto/76884696
1758	https://www.kijiji.it/annunci/affitto/roma-annunci-roma/infernetto/76295129
1877	https://www.kijiji.it/annunci/affitto/roma-annunci-roma/infernetto/76170834
1918	https://www.kijiji.it/annunci/affitto/roma-annunci-roma/infernetto/76154921
2012	https://www.kijiji.it/annunci/affitto/roma-annunci-roma/infernetto/76132919
1924	https://www.kijiji.it/annunci/affitto/roma-annunci-roma/accogliente-appartamento-dai-toni-pastello/76154727
2101	https://www.kijiji.it/annunci/affitto/roma-annunci-roma/accogliente-appartamento-dai-toni-pastello/76112685
2149	https://www.kijiji.it/annunci/affitto/roma-annunci-roma/accogliente-appartamento-dai-toni-pastello/76095411
2245	https://www.kijiji.it/annunci/affitto/roma-annunci-roma/accogliente-appartamento-dai-toni-pastello/76086474
2292	https://www.kijiji.it/annunci/affitto/roma-annunci-roma/accogliente-appartamento-dai-toni-pastello/76062500
1972	https://www.kijiji.it/annunci/affitto/roma-annunci-roma/monteverde-nuovo/76151392
2089	https://www.kijiji.it/annunci/affitto/roma-annunci-roma/monteverde-nuovo/76113145
2223	https://www.kijiji.it/annunci/affitto/roma-annunci-roma/trastevere/76089331
2072	https://www.kijiji.it/annunci/affitto/roma-annunci-roma/trieste/76113391
2142	https://www.kijiji.it/annunci/affitto/roma-annunci-roma/trieste/76095573
2260	https://www.kijiji.it/annunci/affitto/roma-annunci-roma/trieste/76086363
2229	https://www.kijiji.it/annunci/affitto/roma-annunci-roma/marconi/76089313
2279	https://www.kijiji.it/annunci/affitto/roma-annunci-roma/marconi/76064700
2222	https://www.kijiji.it/annunci/affitto/roma-annunci-roma/monteverde-nuovo/76089359
2284	https://www.kijiji.it/annunci/affitto/roma-annunci-roma/garbatella/76064180
2180	https://www.kijiji.it/annunci/affitto/roma-annunci-roma/immobile-di-rappresentanza-in-palazzo-nobiliare/76092179
2221	https://www.kijiji.it/annunci/affitto/roma-annunci-roma/trastevere/76089362
2239	https://www.kijiji.it/annunci/affitto/roma-annunci-roma/monteverde-jenner-locale-c1-80mq-3-vetrine-su-strada/76089236
2235	https://www.kijiji.it/annunci/affitto/roma-annunci-roma/boccea-mattia-battistini-app-to-80mq-in-locazione/76089267
2237	https://www.kijiji.it/annunci/affitto/roma-annunci-roma/negozio-2-locali-rif-617-07g/76089255
2238	https://www.kijiji.it/annunci/affitto/roma-annunci-roma/affitto-bilocale-arredato-terrazze-del-presidente/76089238
257	https://www.kijiji.it/annunci/affitto/roma-annunci-roma/monti-tiburtini-appartamentino-di-45mq/144293373
341	https://www.kijiji.it/annunci/affitto/roma-annunci-roma/appartamento-stazione-termini-castro-pretorio/144160652
1624	https://www.kijiji.it/annunci/affitto/roma-annunci-roma/eur-acqua-acetosa-ostiense/76926417
1639	https://www.kijiji.it/annunci/affitto/roma-annunci-roma/eur-acqua-acetosa-ostiense/76902085
1826	https://www.kijiji.it/annunci/affitto/roma-annunci-roma/eur-acqua-acetosa-ostiense/76290010
1895	https://www.kijiji.it/annunci/affitto/roma-annunci-roma/eur-acqua-acetosa-ostiense/76161702
1989	https://www.kijiji.it/annunci/affitto/roma-annunci-roma/eur-acqua-acetosa-ostiense/76148972
2193	https://www.kijiji.it/annunci/affitto/roma-annunci-roma/eur-acqua-acetosa-ostiense/76090994
2307	https://www.kijiji.it/annunci/affitto/roma-annunci-roma/eur-acqua-acetosa-ostiense/76057703
1872	https://www.kijiji.it/annunci/affitto/roma-annunci-roma/tiburtina/76172666
1986	https://www.kijiji.it/annunci/affitto/roma-annunci-roma/tiburtina/76148984
2263	https://www.kijiji.it/annunci/affitto/roma-annunci-roma/tiburtina/76084726
2291	https://www.kijiji.it/annunci/affitto/roma-annunci-roma/tiburtina/76062655
2365	https://www.kijiji.it/annunci/affitto/roma-annunci-roma/tiburtina/76034104
1662	https://www.kijiji.it/annunci/affitto/roma-annunci-roma/appio-latino/76887149
1817	https://www.kijiji.it/annunci/affitto/roma-annunci-roma/appio-latino/76291662
1883	https://www.kijiji.it/annunci/affitto/roma-annunci-roma/appio-latino/76167889
1974	https://www.kijiji.it/annunci/affitto/roma-annunci-roma/appio-latino/76151388
2074	https://www.kijiji.it/annunci/affitto/roma-annunci-roma/appio-latino/76113383
2262	https://www.kijiji.it/annunci/affitto/roma-annunci-roma/appio-latino/76086354
2232	https://www.kijiji.it/annunci/affitto/roma-annunci-roma/casal-bernocchi/76089297
2270	https://www.kijiji.it/annunci/affitto/roma-annunci-roma/casal-bernocchi/76065228
379	https://www.kijiji.it/annunci/affitto/roma-annunci-san-lorenzo-pigneto-centocelle/universita-s-lorenzo-pigneto/52550919
619	https://www.kijiji.it/annunci/affitto/roma-annunci-san-lorenzo-pigneto-centocelle/universita-piazzale-prenestino/52706043
1003	https://www.kijiji.it/annunci/affitto/roma-annunci-prenestino-casilino/universita-ponte-casilino/53118553
2046	https://www.kijiji.it/annunci/affitto/roma-annunci-roma/appartamento-5-locali-rif-ln14010/76122766
2172	https://www.kijiji.it/annunci/affitto/roma-annunci-roma/appartamento-5-locali-rif-ln14010/76093822
2201	https://www.kijiji.it/annunci/affitto/roma-annunci-roma/appartamento-5-locali-rif-ln14010/76090281
1703	https://www.kijiji.it/annunci/affitto/roma-annunci-roma/monteverde-colli-portuensi/76884715
2016	https://www.kijiji.it/annunci/affitto/roma-annunci-roma/monteverde-colli-portuensi/76132863
2145	https://www.kijiji.it/annunci/affitto/roma-annunci-roma/monteverde-colli-portuensi/76095519
2283	https://www.kijiji.it/annunci/affitto/roma-annunci-roma/monteverde-colli-portuensi/76064186
1906	https://www.kijiji.it/annunci/affitto/roma-annunci-roma/marconi/76154979
2310	https://www.kijiji.it/annunci/affitto/roma-annunci-roma/marconi/76056334
1563	https://www.kijiji.it/annunci/affitto/roma-annunci-roma/locale-centro-storico/76930953
1768	https://www.kijiji.it/annunci/affitto/roma-annunci-roma/locale-centro-storico/76294963
1927	https://www.kijiji.it/annunci/affitto/roma-annunci-roma/locale-centro-storico/76154690
1567	https://www.kijiji.it/annunci/affitto/roma-annunci-roma/negozio-rif-e74-04-15/76930949
1676	https://www.kijiji.it/annunci/affitto/roma-annunci-roma/negozio-rif-e74-04-15/76886936
1772	https://www.kijiji.it/annunci/affitto/roma-annunci-roma/negozio-rif-e74-04-15/76294959
1931	https://www.kijiji.it/annunci/affitto/roma-annunci-roma/negozio-rif-e74-04-15/76154683
2151	https://www.kijiji.it/annunci/affitto/roma-annunci-roma/negozio-rif-e74-04-15/76095402
2345	https://www.kijiji.it/annunci/affitto/roma-annunci-roma/negozio-rif-e74-04-15/76035593
2374	https://www.kijiji.it/annunci/affitto/roma-annunci-roma/negozio-rif-e74-04-15/76031999
1570	https://www.kijiji.it/annunci/affitto/roma-annunci-roma/centro-storico-appartamento/76930946
1679	https://www.kijiji.it/annunci/affitto/roma-annunci-roma/centro-storico-appartamento/76886907
1775	https://www.kijiji.it/annunci/affitto/roma-annunci-roma/centro-storico-appartamento/76294956
1934	https://www.kijiji.it/annunci/affitto/roma-annunci-roma/centro-storico-appartamento/76154677
2154	https://www.kijiji.it/annunci/affitto/roma-annunci-roma/centro-storico-appartamento/76095398
2348	https://www.kijiji.it/annunci/affitto/roma-annunci-roma/centro-storico-appartamento/76035590
2377	https://www.kijiji.it/annunci/affitto/roma-annunci-roma/centro-storico-appartamento/76031994
1571	https://www.kijiji.it/annunci/affitto/roma-annunci-roma/appartamento-rif-e74-04-21/76930942
1935	https://www.kijiji.it/annunci/affitto/roma-annunci-roma/appartamento-rif-e74-04-21/76154675
2155	https://www.kijiji.it/annunci/affitto/roma-annunci-roma/appartamento-rif-e74-04-21/76095397
2378	https://www.kijiji.it/annunci/affitto/roma-annunci-roma/appartamento-rif-e74-04-21/76031993
1572	https://www.kijiji.it/annunci/affitto/roma-annunci-roma/appartamento-rif-e74-04-22/76930941
2156	https://www.kijiji.it/annunci/affitto/roma-annunci-roma/appartamento-rif-e74-04-22/76095396
2349	https://www.kijiji.it/annunci/affitto/roma-annunci-roma/appartamento-rif-e74-04-22/76035589
2379	https://www.kijiji.it/annunci/affitto/roma-annunci-roma/appartamento-rif-e74-04-22/76031992
1587	https://www.kijiji.it/annunci/affitto/roma-annunci-roma/prestigioso-ufficio/76928011
1697	https://www.kijiji.it/annunci/affitto/roma-annunci-roma/prestigioso-ufficio/76884818
1777	https://www.kijiji.it/annunci/affitto/roma-annunci-roma/prestigioso-ufficio/76294948
1952	https://www.kijiji.it/annunci/affitto/roma-annunci-roma/prestigioso-ufficio/76151528
2035	https://www.kijiji.it/annunci/affitto/roma-annunci-roma/prestigioso-ufficio/76131184
2104	https://www.kijiji.it/annunci/affitto/roma-annunci-roma/prestigioso-ufficio/76112550
1588	https://www.kijiji.it/annunci/affitto/roma-annunci-roma/ufficio-centro-ministero-dell-economia/76928010
1680	https://www.kijiji.it/annunci/affitto/roma-annunci-roma/ufficio-centro-ministero-dell-economia/76886906
1778	https://www.kijiji.it/annunci/affitto/roma-annunci-roma/ufficio-centro-ministero-dell-economia/76294946
1953	https://www.kijiji.it/annunci/affitto/roma-annunci-roma/ufficio-centro-ministero-dell-economia/76151527
2036	https://www.kijiji.it/annunci/affitto/roma-annunci-roma/ufficio-centro-ministero-dell-economia/76131182
2105	https://www.kijiji.it/annunci/affitto/roma-annunci-roma/ufficio-centro-ministero-dell-economia/76112548
1589	https://www.kijiji.it/annunci/affitto/roma-annunci-roma/ufficio-centro/76928009
1681	https://www.kijiji.it/annunci/affitto/roma-annunci-roma/ufficio-centro/76886904
1779	https://www.kijiji.it/annunci/affitto/roma-annunci-roma/ufficio-centro/76294945
1954	https://www.kijiji.it/annunci/affitto/roma-annunci-roma/ufficio-centro/76151526
2037	https://www.kijiji.it/annunci/affitto/roma-annunci-roma/ufficio-centro/76131179
2106	https://www.kijiji.it/annunci/affitto/roma-annunci-roma/ufficio-centro/76112547
2163	https://www.kijiji.it/annunci/affitto/roma-annunci-roma/ufficio-centro/76095352
1590	https://www.kijiji.it/annunci/affitto/roma-annunci-roma/ufficio-centro-ad-ministero-economia/76928008
1682	https://www.kijiji.it/annunci/affitto/roma-annunci-roma/ufficio-centro-ad-ministero-economia/76886897
1780	https://www.kijiji.it/annunci/affitto/roma-annunci-roma/ufficio-centro-ad-ministero-economia/76294943
1936	https://www.kijiji.it/annunci/affitto/roma-annunci-roma/ufficio-centro-ad-ministero-economia/76154674
2038	https://www.kijiji.it/annunci/affitto/roma-annunci-roma/ufficio-centro-ad-ministero-economia/76131178
2107	https://www.kijiji.it/annunci/affitto/roma-annunci-roma/ufficio-centro-ad-ministero-economia/76112544
2164	https://www.kijiji.it/annunci/affitto/roma-annunci-roma/ufficio-centro-ad-ministero-economia/76095351
1574	https://www.kijiji.it/annunci/affitto/roma-annunci-roma/ufficio-corso-trieste/76930938
1781	https://www.kijiji.it/annunci/affitto/roma-annunci-roma/ufficio-corso-trieste/76294934
1937	https://www.kijiji.it/annunci/affitto/roma-annunci-roma/ufficio-corso-trieste/76154673
2039	https://www.kijiji.it/annunci/affitto/roma-annunci-roma/ufficio-corso-trieste/76131175
2108	https://www.kijiji.it/annunci/affitto/roma-annunci-roma/ufficio-corso-trieste/76112542
2165	https://www.kijiji.it/annunci/affitto/roma-annunci-roma/ufficio-corso-trieste/76095350
1576	https://www.kijiji.it/annunci/affitto/roma-annunci-roma/uffico-corso-trieste/76930934
1939	https://www.kijiji.it/annunci/affitto/roma-annunci-roma/uffico-corso-trieste/76154666
2041	https://www.kijiji.it/annunci/affitto/roma-annunci-roma/uffico-corso-trieste/76131169
2110	https://www.kijiji.it/annunci/affitto/roma-annunci-roma/uffico-corso-trieste/76112519
2167	https://www.kijiji.it/annunci/affitto/roma-annunci-roma/uffico-corso-trieste/76095346
2304	https://www.kijiji.it/annunci/affitto/roma-annunci-roma/uffico-corso-trieste/76062073
1577	https://www.kijiji.it/annunci/affitto/roma-annunci-roma/locale-pio-xi/76930932
1879	https://www.kijiji.it/annunci/affitto/roma-annunci-roma/locale-pio-xi/76170536
1940	https://www.kijiji.it/annunci/affitto/roma-annunci-roma/locale-pio-xi/76154664
2042	https://www.kijiji.it/annunci/affitto/roma-annunci-roma/locale-pio-xi/76131131
2111	https://www.kijiji.it/annunci/affitto/roma-annunci-roma/locale-pio-xi/76112518
2305	https://www.kijiji.it/annunci/affitto/roma-annunci-roma/locale-pio-xi/76062035
1579	https://www.kijiji.it/annunci/affitto/roma-annunci-roma/appartamento-trilocale/76930929
1692	https://www.kijiji.it/annunci/affitto/roma-annunci-roma/attico-ad-parlamento/76884825
1792	https://www.kijiji.it/annunci/affitto/roma-annunci-roma/attico-ad-parlamento/76291845
1947	https://www.kijiji.it/annunci/affitto/roma-annunci-roma/attico-ad-parlamento/76151536
2031	https://www.kijiji.it/annunci/affitto/roma-annunci-roma/attico-ad-parlamento/76131294
2208	https://www.kijiji.it/annunci/affitto/roma-annunci-roma/attico-ad-parlamento/76089478
2339	https://www.kijiji.it/annunci/affitto/roma-annunci-roma/attico-ad-parlamento/76040780
1583	https://www.kijiji.it/annunci/affitto/roma-annunci-roma/ufficio-rif-e74-04-37/76928015
1693	https://www.kijiji.it/annunci/affitto/roma-annunci-roma/ufficio-rif-e74-04-37/76884824
1793	https://www.kijiji.it/annunci/affitto/roma-annunci-roma/ufficio-rif-e74-04-37/76291844
1948	https://www.kijiji.it/annunci/affitto/roma-annunci-roma/ufficio-rif-e74-04-37/76151534
2032	https://www.kijiji.it/annunci/affitto/roma-annunci-roma/ufficio-rif-e74-04-37/76131239
2209	https://www.kijiji.it/annunci/affitto/roma-annunci-roma/ufficio-rif-e74-04-37/76089477
2340	https://www.kijiji.it/annunci/affitto/roma-annunci-roma/ufficio-rif-e74-04-37/76040778
1584	https://www.kijiji.it/annunci/affitto/roma-annunci-roma/ufficio-piazza-di-spagna/76928014
1694	https://www.kijiji.it/annunci/affitto/roma-annunci-roma/ufficio-piazza-di-spagna/76884822
1794	https://www.kijiji.it/annunci/affitto/roma-annunci-roma/ufficio-piazza-di-spagna/76291839
1949	https://www.kijiji.it/annunci/affitto/roma-annunci-roma/ufficio-piazza-di-spagna/76151533
2033	https://www.kijiji.it/annunci/affitto/roma-annunci-roma/ufficio-piazza-di-spagna/76131236
2210	https://www.kijiji.it/annunci/affitto/roma-annunci-roma/ufficio-piazza-di-spagna/76089476
2341	https://www.kijiji.it/annunci/affitto/roma-annunci-roma/ufficio-piazza-di-spagna/76040769
1585	https://www.kijiji.it/annunci/affitto/roma-annunci-roma/centro-ad-parlamento/76928013
1695	https://www.kijiji.it/annunci/affitto/roma-annunci-roma/centro-ad-parlamento/76884821
1795	https://www.kijiji.it/annunci/affitto/roma-annunci-roma/centro-ad-parlamento/76291832
1950	https://www.kijiji.it/annunci/affitto/roma-annunci-roma/centro-ad-parlamento/76151532
2034	https://www.kijiji.it/annunci/affitto/roma-annunci-roma/centro-ad-parlamento/76131234
2211	https://www.kijiji.it/annunci/affitto/roma-annunci-roma/centro-ad-parlamento/76089475
2342	https://www.kijiji.it/annunci/affitto/roma-annunci-roma/centro-ad-parlamento/76040766
1586	https://www.kijiji.it/annunci/affitto/roma-annunci-roma/ufficio-centro-storico-ad-parlamento/76928012
1696	https://www.kijiji.it/annunci/affitto/roma-annunci-roma/ufficio-centro-storico-ad-parlamento/76884819
1776	https://www.kijiji.it/annunci/affitto/roma-annunci-roma/ufficio-centro-storico-ad-parlamento/76294955
1862	https://www.kijiji.it/annunci/affitto/roma-annunci-roma/ufficio-centro-storico-ad-parlamento/76178746
1951	https://www.kijiji.it/annunci/affitto/roma-annunci-roma/ufficio-centro-storico-ad-parlamento/76151531
2212	https://www.kijiji.it/annunci/affitto/roma-annunci-roma/ufficio-centro-storico-ad-parlamento/76089472
1673	https://www.kijiji.it/annunci/affitto/roma-annunci-roma/locale-commerciale-soppalco-magazzino/76886946
1769	https://www.kijiji.it/annunci/affitto/roma-annunci-roma/locale-commerciale-soppalco-magazzino/76294962
1928	https://www.kijiji.it/annunci/affitto/roma-annunci-roma/locale-commerciale-soppalco-magazzino/76154688
2178	https://www.kijiji.it/annunci/affitto/roma-annunci-roma/locale-commerciale-soppalco-magazzino/76092184
2344	https://www.kijiji.it/annunci/affitto/roma-annunci-roma/locale-commerciale-soppalco-magazzino/76035596
2373	https://www.kijiji.it/annunci/affitto/roma-annunci-roma/locale-commerciale-soppalco-magazzino/76032002
1683	https://www.kijiji.it/annunci/affitto/roma-annunci-roma/attico-rif-e74-04-23/76884835
1783	https://www.kijiji.it/annunci/affitto/roma-annunci-roma/attico-rif-e74-04-23/76291860
2157	https://www.kijiji.it/annunci/affitto/roma-annunci-roma/attico-rif-e74-04-23/76095391
2350	https://www.kijiji.it/annunci/affitto/roma-annunci-roma/attico-rif-e74-04-23/76035587
2380	https://www.kijiji.it/annunci/affitto/roma-annunci-roma/attico-rif-e74-04-23/76031991
1698	https://www.kijiji.it/annunci/affitto/roma-annunci-roma/negozio-1-locale-rif-e74-01-07/76884808
1765	https://www.kijiji.it/annunci/affitto/roma-annunci-roma/negozio-1-locale-rif-e74-01-07/76294983
1957	https://www.kijiji.it/annunci/affitto/roma-annunci-roma/negozio-1-locale-rif-e74-01-07/76151514
2176	https://www.kijiji.it/annunci/affitto/roma-annunci-roma/negozio-1-locale-rif-e74-01-07/76092192
2246	https://www.kijiji.it/annunci/affitto/roma-annunci-roma/negozio-1-locale-rif-e74-01-07/76086461
2297	https://www.kijiji.it/annunci/affitto/roma-annunci-roma/negozio-1-locale-rif-e74-01-07/76062287
2334	https://www.kijiji.it/annunci/affitto/roma-annunci-roma/negozio-1-locale-rif-e74-01-07/76040872
1699	https://www.kijiji.it/annunci/affitto/roma-annunci-roma/piazza-bologna/76884807
1766	https://www.kijiji.it/annunci/affitto/roma-annunci-roma/piazza-bologna/76294980
1958	https://www.kijiji.it/annunci/affitto/roma-annunci-roma/piazza-bologna/76151513
2177	https://www.kijiji.it/annunci/affitto/roma-annunci-roma/piazza-bologna/76092191
2247	https://www.kijiji.it/annunci/affitto/roma-annunci-roma/piazza-bologna/76086457
2298	https://www.kijiji.it/annunci/affitto/roma-annunci-roma/piazza-bologna/76062282
2335	https://www.kijiji.it/annunci/affitto/roma-annunci-roma/piazza-bologna/76040868
1784	https://www.kijiji.it/annunci/affitto/roma-annunci-roma/appartamento-ad-parlamento/76291858
2023	https://www.kijiji.it/annunci/affitto/roma-annunci-roma/appartamento-ad-parlamento/76131498
2158	https://www.kijiji.it/annunci/affitto/roma-annunci-roma/appartamento-ad-parlamento/76095385
2351	https://www.kijiji.it/annunci/affitto/roma-annunci-roma/appartamento-ad-parlamento/76035586
1785	https://www.kijiji.it/annunci/affitto/roma-annunci-roma/negozio-rif-e74-04-01/76291857
2024	https://www.kijiji.it/annunci/affitto/roma-annunci-roma/negozio-rif-e74-04-01/76131454
2159	https://www.kijiji.it/annunci/affitto/roma-annunci-roma/negozio-rif-e74-04-01/76095383
2352	https://www.kijiji.it/annunci/affitto/roma-annunci-roma/negozio-rif-e74-04-01/76035585
1787	https://www.kijiji.it/annunci/affitto/roma-annunci-roma/locale-centro-storico-pantheon/76291855
2026	https://www.kijiji.it/annunci/affitto/roma-annunci-roma/locale-centro-storico-pantheon/76131387
2161	https://www.kijiji.it/annunci/affitto/roma-annunci-roma/locale-centro-storico-pantheon/76095375
2203	https://www.kijiji.it/annunci/affitto/roma-annunci-roma/locale-centro-storico-pantheon/76089487
2299	https://www.kijiji.it/annunci/affitto/roma-annunci-roma/locale-centro-storico-pantheon/76062274
2354	https://www.kijiji.it/annunci/affitto/roma-annunci-roma/locale-centro-storico-pantheon/76035583
1790	https://www.kijiji.it/annunci/affitto/roma-annunci-roma/locale-adatto-banca/76291851
1945	https://www.kijiji.it/annunci/affitto/roma-annunci-roma/locale-adatto-banca/76151539
2029	https://www.kijiji.it/annunci/affitto/roma-annunci-roma/locale-adatto-banca/76131373
2206	https://www.kijiji.it/annunci/affitto/roma-annunci-roma/locale-adatto-banca/76089480
2302	https://www.kijiji.it/annunci/affitto/roma-annunci-roma/locale-adatto-banca/76062221
2337	https://www.kijiji.it/annunci/affitto/roma-annunci-roma/locale-adatto-banca/76040826
1791	https://www.kijiji.it/annunci/affitto/roma-annunci-roma/attico-rif-e74-04-05/76291849
1946	https://www.kijiji.it/annunci/affitto/roma-annunci-roma/attico-rif-e74-04-05/76151538
2030	https://www.kijiji.it/annunci/affitto/roma-annunci-roma/attico-rif-e74-04-05/76131296
2207	https://www.kijiji.it/annunci/affitto/roma-annunci-roma/attico-rif-e74-04-05/76089479
2338	https://www.kijiji.it/annunci/affitto/roma-annunci-roma/attico-rif-e74-04-05/76040788
1351	https://www.kijiji.it/annunci/affitto/roma-annunci-roma/locali-e-licenze-commerciali-situato-a-roma-di-55-mq-rif/123600332
96	https://www.kijiji.it/annunci/affitto/roma-annunci-roma/tor-vergata-ragazze/144502299
590	https://www.kijiji.it/annunci/affitto/roma-annunci-trieste-somalia-salario/stanza-uso-studio-a-psicologi-roma-zona-libia-trieste/143423701
1645	https://www.kijiji.it/annunci/affitto/roma-annunci-roma/locale-commmerciale/76897485
1840	https://www.kijiji.it/annunci/affitto/roma-annunci-roma/locale-commmerciale/76250764
1845	https://www.kijiji.it/annunci/affitto/roma-annunci-roma/locale-commmerciale/76196670
2127	https://www.kijiji.it/annunci/affitto/roma-annunci-roma/locale-commmerciale/76103450
2343	https://www.kijiji.it/annunci/affitto/roma-annunci-roma/locale-commmerciale/76039447
1073	https://www.kijiji.it/annunci/affitto/roma-annunci-trieste-somalia-salario/stanza-singola-quartiere-africano-viale-etiopia/142140129
1653	https://www.kijiji.it/annunci/affitto/roma-annunci-roma/centralissimo-e-luminoso-ultimo-piano-all-eur/76889705
2094	https://www.kijiji.it/annunci/affitto/roma-annunci-roma/centralissimo-e-luminoso-ultimo-piano-all-eur/76112800
2249	https://www.kijiji.it/annunci/affitto/roma-annunci-roma/centralissimo-e-luminoso-ultimo-piano-all-eur/76086430
2286	https://www.kijiji.it/annunci/affitto/roma-annunci-roma/centralissimo-e-luminoso-ultimo-piano-all-eur/76062735
552	https://www.kijiji.it/annunci/affitto/roma-annunci-roma/loft-di-prestigio-con-terrazzi/143500323
1654	https://www.kijiji.it/annunci/affitto/roma-annunci-roma/ufficio-rif-e74-02-27/76889495
1767	https://www.kijiji.it/annunci/affitto/roma-annunci-roma/ufficio-rif-e74-02-27/76294977
1887	https://www.kijiji.it/annunci/affitto/roma-annunci-roma/ufficio-rif-e74-02-27/76166917
1926	https://www.kijiji.it/annunci/affitto/roma-annunci-roma/ufficio-rif-e74-02-27/76154701
2336	https://www.kijiji.it/annunci/affitto/roma-annunci-roma/ufficio-rif-e74-02-27/76040829
2372	https://www.kijiji.it/annunci/affitto/roma-annunci-roma/ufficio-rif-e74-02-27/76032005
1711	https://www.kijiji.it/annunci/affitto/roma-annunci-roma/montesacro-citta-giardino/76884704
1751	https://www.kijiji.it/annunci/affitto/roma-annunci-roma/montesacro-citta-giardino/76295147
1982	https://www.kijiji.it/annunci/affitto/roma-annunci-roma/montesacro-citta-giardino/76151369
2230	https://www.kijiji.it/annunci/affitto/roma-annunci-roma/montesacro-citta-giardino/76089312
2280	https://www.kijiji.it/annunci/affitto/roma-annunci-roma/montesacro-citta-giardino/76064697
2095	https://www.kijiji.it/annunci/affitto/roma-annunci-roma/funzionalita-e-glamour-in-via-del-corso/76112779
2181	https://www.kijiji.it/annunci/affitto/roma-annunci-roma/funzionalita-e-glamour-in-via-del-corso/76092174
231	https://www.kijiji.it/annunci/affitto/roma-annunci-roma/splendido-appartamento-adiacente-corso-trieste/144344312
642	https://www.kijiji.it/annunci/affitto/roma-annunci-roma/appartamenti-a-roma/138153414
798	https://www.kijiji.it/annunci/affitto/roma-annunci-roma/affitto-stanza-per-logopedisti/133827412
1604	https://www.kijiji.it/annunci/affitto/roma-annunci-roma/eur-tintoretto/76927857
1704	https://www.kijiji.it/annunci/affitto/roma-annunci-roma/eur-tintoretto/76884713
1804	https://www.kijiji.it/annunci/affitto/roma-annunci-roma/eur-tintoretto/76291701
2147	https://www.kijiji.it/annunci/affitto/roma-annunci-roma/eur-tintoretto/76095513
2330	https://www.kijiji.it/annunci/affitto/roma-annunci-roma/eur-tintoretto/76041988
1591	https://www.kijiji.it/annunci/affitto/roma-annunci-roma/moderno-appartamento-a-piazza-di-spagna/76928004
1672	https://www.kijiji.it/annunci/affitto/roma-annunci-roma/moderno-appartamento-a-piazza-di-spagna/76886968
1799	https://www.kijiji.it/annunci/affitto/roma-annunci-roma/moderno-appartamento-a-piazza-di-spagna/76291817
1885	https://www.kijiji.it/annunci/affitto/roma-annunci-roma/moderno-appartamento-a-piazza-di-spagna/76167075
1956	https://www.kijiji.it/annunci/affitto/roma-annunci-roma/moderno-appartamento-a-piazza-di-spagna/76151519
1846	https://www.kijiji.it/annunci/affitto/roma-annunci-roma/appio-latino/76196622
2128	https://www.kijiji.it/annunci/affitto/roma-annunci-roma/appio-latino/76103447
2242	https://www.kijiji.it/annunci/affitto/roma-annunci-roma/appio-latino/76088087
1819	https://www.kijiji.it/annunci/affitto/roma-annunci-roma/eur-v-le-dell-aeronautica/76291655
1975	https://www.kijiji.it/annunci/affitto/roma-annunci-roma/eur-v-le-dell-aeronautica/76151383
2146	https://www.kijiji.it/annunci/affitto/roma-annunci-roma/san-giovanni/76095514
342	https://www.kijiji.it/annunci/affitto/roma-annunci-roma/appartamento-piazza-fiume-porta-pia/144160422
488	https://www.kijiji.it/annunci/affitto/roma-annunci-roma/appartamento-piazza-fiume-porta-pia/143704639
592	https://www.kijiji.it/annunci/affitto/roma-annunci-roma/appartamento-piazza-fiume-porta-pia/143433644
261	https://www.kijiji.it/annunci/affitto/roma-annunci-roma/a-15minuti-dalla-metro-di-rebibbia/144293202
200	https://www.kijiji.it/annunci/affitto/roma-annunci-roma/alessandrino-zona-collegatissima-con-metro-e-bus/144393061
953	https://www.kijiji.it/annunci/affitto/roma-annunci-roma/in-affitto-professionale-negozio-centro-storico-mq-100/90717629
1293	https://www.kijiji.it/annunci/affitto/roma-annunci-roma/attivita-commerciale-roma-centro/137071232
1317	https://www.kijiji.it/annunci/affitto/roma-annunci-roma/attivita-commerciale-roma-centro/131384856
1528	https://www.kijiji.it/annunci/affitto/roma-annunci-roma/eur-torrino/77018944
1897	https://www.kijiji.it/annunci/affitto/roma-annunci-roma/eur-torrino/76160684
2126	https://www.kijiji.it/annunci/affitto/roma-annunci-roma/eur-torrino/76103494
2241	https://www.kijiji.it/annunci/affitto/roma-annunci-roma/eur-torrino/76088088
1849	https://www.kijiji.it/annunci/affitto/roma-annunci-roma/montagnola/76196548
1985	https://www.kijiji.it/annunci/affitto/roma-annunci-roma/montagnola/76148997
2131	https://www.kijiji.it/annunci/affitto/roma-annunci-roma/montagnola/76103432
2132	https://www.kijiji.it/annunci/affitto/roma-annunci-roma/montagnola/76098744
2294	https://www.kijiji.it/annunci/affitto/roma-annunci-roma/montagnola/76062349
1642	https://www.kijiji.it/annunci/affitto/roma-annunci-roma/eur-centro/76902042
1847	https://www.kijiji.it/annunci/affitto/roma-annunci-roma/eur-centro/76196602
1983	https://www.kijiji.it/annunci/affitto/roma-annunci-roma/eur-centro/76149008
2129	https://www.kijiji.it/annunci/affitto/roma-annunci-roma/eur-centro/76103441
2169	https://www.kijiji.it/annunci/affitto/roma-annunci-roma/eur-centro/76094468
2296	https://www.kijiji.it/annunci/affitto/roma-annunci-roma/eur-centro/76062289
1636	https://www.kijiji.it/annunci/affitto/roma-annunci-roma/eur-centro/76903386
1848	https://www.kijiji.it/annunci/affitto/roma-annunci-roma/eur-centro/76196590
1984	https://www.kijiji.it/annunci/affitto/roma-annunci-roma/eur-centro/76149005
2130	https://www.kijiji.it/annunci/affitto/roma-annunci-roma/eur-centro/76103438
2170	https://www.kijiji.it/annunci/affitto/roma-annunci-roma/eur-centro/76094467
2295	https://www.kijiji.it/annunci/affitto/roma-annunci-roma/eur-centro/76062295
1363	https://www.kijiji.it/annunci/affitto/roma-annunci-roma/appartamento-rif-38-17atg-in-affitto-a-roma-rm/117750247
1364	https://www.kijiji.it/annunci/affitto/roma-annunci-roma/appartamento-rif-38-17arg-in-affitto-a-roma-rm/117750258
2144	https://www.kijiji.it/annunci/affitto/roma-annunci-roma/monteverde-vecchio/76095520
2362	https://www.kijiji.it/annunci/affitto/roma-annunci-roma/monteverde-vecchio/76035512
1657	https://www.kijiji.it/annunci/affitto/roma-annunci-roma/piano-alto-in-dimora-storica-del-500/76888128
1923	https://www.kijiji.it/annunci/affitto/roma-annunci-roma/piano-alto-in-dimora-storica-del-500/76154754
2062	https://www.kijiji.it/annunci/affitto/roma-annunci-roma/piano-alto-in-dimora-storica-del-500/76115507
2099	https://www.kijiji.it/annunci/affitto/roma-annunci-roma/piano-alto-in-dimora-storica-del-500/76112732
2143	https://www.kijiji.it/annunci/affitto/roma-annunci-roma/prenestina/76095522
2361	https://www.kijiji.it/annunci/affitto/roma-annunci-roma/prenestina/76035514
1717	https://www.kijiji.it/annunci/affitto/roma-annunci-roma/spinaceto/76884697
1757	https://www.kijiji.it/annunci/affitto/roma-annunci-roma/spinaceto/76295132
1917	https://www.kijiji.it/annunci/affitto/roma-annunci-roma/spinaceto/76154922
2011	https://www.kijiji.it/annunci/affitto/roma-annunci-roma/spinaceto/76132921
1559	https://www.kijiji.it/annunci/affitto/roma-annunci-roma/portuense/76931124
1814	https://www.kijiji.it/annunci/affitto/roma-annunci-roma/portuense/76291669
1971	https://www.kijiji.it/annunci/affitto/roma-annunci-roma/portuense/76151394
2088	https://www.kijiji.it/annunci/affitto/roma-annunci-roma/portuense/76113146
1652	https://www.kijiji.it/annunci/affitto/roma-annunci-roma/appartamento-3-locali-rif-ln14013/76889866
1861	https://www.kijiji.it/annunci/affitto/roma-annunci-roma/appartamento-3-locali-rif-ln14013/76179158
2173	https://www.kijiji.it/annunci/affitto/roma-annunci-roma/appartamento-3-locali-rif-ln14013/76093792
2202	https://www.kijiji.it/annunci/affitto/roma-annunci-roma/appartamento-3-locali-rif-ln14013/76090254
2325	https://www.kijiji.it/annunci/affitto/roma-annunci-roma/casal-bernocchi/76042241
1978	https://www.kijiji.it/annunci/affitto/roma-annunci-roma/re-di-roma/76151376
2226	https://www.kijiji.it/annunci/affitto/roma-annunci-roma/re-di-roma/76089317
1074	https://www.kijiji.it/annunci/affitto/roma-annunci-roma/bilocale-p-tola-zona-metro-a-furio-camillo/120019651
1593	https://www.kijiji.it/annunci/affitto/roma-annunci-roma/silenzioso-pied-a-terre-in-palazzo-del-1600/76928001
1650	https://www.kijiji.it/annunci/affitto/roma-annunci-roma/silenzioso-pied-a-terre-in-palazzo-del-1600/76894998
1646	https://www.kijiji.it/annunci/affitto/roma-annunci-roma/portuense-vigna-pia-quadrilocale-affitto/76895595
1818	https://www.kijiji.it/annunci/affitto/roma-annunci-roma/portuense-vigna-pia-quadrilocale-affitto/76291660
1905	https://www.kijiji.it/annunci/affitto/roma-annunci-roma/portuense-vigna-pia-quadrilocale-affitto/76157128
2048	https://www.kijiji.it/annunci/affitto/roma-annunci-roma/portuense-vigna-pia-quadrilocale-affitto/76119174
2056	https://www.kijiji.it/annunci/affitto/roma-annunci-roma/via-veneto/76118935
2319	https://www.kijiji.it/annunci/affitto/roma-annunci-roma/via-veneto/76048225
1648	https://www.kijiji.it/annunci/affitto/roma-annunci-roma/flaminio/76895391
1510	https://www.kijiji.it/annunci/affitto/roma-annunci-roma/luminosa-soluzione-abitativa-al-teatro-della-pace/77020791
1798	https://www.kijiji.it/annunci/affitto/roma-annunci-roma/luminosa-soluzione-abitativa-al-teatro-della-pace/76291822
1878	https://www.kijiji.it/annunci/affitto/roma-annunci-roma/luminosa-soluzione-abitativa-al-teatro-della-pace/76170702
1955	https://www.kijiji.it/annunci/affitto/roma-annunci-roma/luminosa-soluzione-abitativa-al-teatro-della-pace/76151523
2060	https://www.kijiji.it/annunci/affitto/roma-annunci-roma/luminosa-soluzione-abitativa-al-teatro-della-pace/76115949
2333	https://www.kijiji.it/annunci/affitto/roma-annunci-roma/luminosa-soluzione-abitativa-al-teatro-della-pace/76040927
197	https://www.kijiji.it/annunci/affitto/roma-annunci-roma/zona-tiburtina-monolocale-via-san-romano-55/140846842
228	https://www.kijiji.it/annunci/affitto/roma-annunci-roma/monolocale-s-romano-zona-tiburtina/119962017
1618	https://www.kijiji.it/annunci/affitto/roma-annunci-roma/monteverde-vecchio/76927835
1719	https://www.kijiji.it/annunci/affitto/roma-annunci-roma/monteverde-vecchio/76884692
1868	https://www.kijiji.it/annunci/affitto/roma-annunci-roma/monteverde-vecchio/76173822
2064	https://www.kijiji.it/annunci/affitto/roma-annunci-roma/monteverde-vecchio/76113491
1621	https://www.kijiji.it/annunci/affitto/roma-annunci-roma/pineta-sacchetti/76927822
1722	https://www.kijiji.it/annunci/affitto/roma-annunci-roma/pineta-sacchetti/76884682
1745	https://www.kijiji.it/annunci/affitto/roma-annunci-roma/pineta-sacchetti/76295174
2067	https://www.kijiji.it/annunci/affitto/roma-annunci-roma/pineta-sacchetti/76113442
2185	https://www.kijiji.it/annunci/affitto/roma-annunci-roma/pineta-sacchetti/76092080
2256	https://www.kijiji.it/annunci/affitto/roma-annunci-roma/pineta-sacchetti/76086375
2274	https://www.kijiji.it/annunci/affitto/roma-annunci-roma/pineta-sacchetti/76064914
1549	https://www.kijiji.it/annunci/affitto/roma-annunci-roma/ostiense/76931152
1759	https://www.kijiji.it/annunci/affitto/roma-annunci-roma/ostiense/76295128
1880	https://www.kijiji.it/annunci/affitto/roma-annunci-roma/ostiense/76170367
1919	https://www.kijiji.it/annunci/affitto/roma-annunci-roma/ostiense/76154918
2115	https://www.kijiji.it/annunci/affitto/roma-annunci-roma/ostiense/76108957
1554	https://www.kijiji.it/annunci/affitto/roma-annunci-roma/san-paolo-marconi/76931139
1647	https://www.kijiji.it/annunci/affitto/roma-annunci-roma/san-paolo-marconi/76895540
1809	https://www.kijiji.it/annunci/affitto/roma-annunci-roma/san-paolo-marconi/76291680
1892	https://www.kijiji.it/annunci/affitto/roma-annunci-roma/san-paolo-marconi/76166762
1966	https://www.kijiji.it/annunci/affitto/roma-annunci-roma/san-paolo-marconi/76151406
2083	https://www.kijiji.it/annunci/affitto/roma-annunci-roma/san-paolo-marconi/76113223
2253	https://www.kijiji.it/annunci/affitto/roma-annunci-roma/san-paolo-marconi/76086390
1605	https://www.kijiji.it/annunci/affitto/roma-annunci-roma/eur/76927856
1705	https://www.kijiji.it/annunci/affitto/roma-annunci-roma/eur/76884712
1805	https://www.kijiji.it/annunci/affitto/roma-annunci-roma/eur/76291700
1963	https://www.kijiji.it/annunci/affitto/roma-annunci-roma/eur/76151424
1562	https://www.kijiji.it/annunci/affitto/roma-annunci-roma/mostacciano-ad-via-jachino/76931116
1663	https://www.kijiji.it/annunci/affitto/roma-annunci-roma/mostacciano-ad-via-jachino/76887105
1721	https://www.kijiji.it/annunci/affitto/roma-annunci-roma/portuense-vigna-pia/76884683
1744	https://www.kijiji.it/annunci/affitto/roma-annunci-roma/portuense-vigna-pia/76295175
2066	https://www.kijiji.it/annunci/affitto/roma-annunci-roma/portuense-vigna-pia/76113470
2184	https://www.kijiji.it/annunci/affitto/roma-annunci-roma/portuense-vigna-pia/76092081
2273	https://www.kijiji.it/annunci/affitto/roma-annunci-roma/portuense-vigna-pia/76064920
1746	https://www.kijiji.it/annunci/affitto/roma-annunci-roma/balduina/76295165
2068	https://www.kijiji.it/annunci/affitto/roma-annunci-roma/balduina/76113429
2186	https://www.kijiji.it/annunci/affitto/roma-annunci-roma/balduina/76092072
2257	https://www.kijiji.it/annunci/affitto/roma-annunci-roma/balduina/76086371
2275	https://www.kijiji.it/annunci/affitto/roma-annunci-roma/balduina/76064879
1881	https://www.kijiji.it/annunci/affitto/roma-annunci-roma/pisan-bravetta/76168506
2063	https://www.kijiji.it/annunci/affitto/roma-annunci-roma/pisan-bravetta/76113518
2271	https://www.kijiji.it/annunci/affitto/roma-annunci-roma/pisan-bravetta/76065050
2075	https://www.kijiji.it/annunci/affitto/roma-annunci-roma/centocelle/76113351
2281	https://www.kijiji.it/annunci/affitto/roma-annunci-roma/centocelle/76064660
845	https://www.kijiji.it/annunci/affitto/roma-annunci-roma/san-giovanni-locale-c-1/142730684
1555	https://www.kijiji.it/annunci/affitto/roma-annunci-roma/san-paolo/76931138
1810	https://www.kijiji.it/annunci/affitto/roma-annunci-roma/san-paolo/76291679
1967	https://www.kijiji.it/annunci/affitto/roma-annunci-roma/san-paolo/76151405
2047	https://www.kijiji.it/annunci/affitto/roma-annunci-roma/san-paolo/76119304
2084	https://www.kijiji.it/annunci/affitto/roma-annunci-roma/san-paolo/76113217
1560	https://www.kijiji.it/annunci/affitto/roma-annunci-roma/tuscolana/76931121
1557	https://www.kijiji.it/annunci/affitto/roma-annunci-roma/tiburtina/76931132
1812	https://www.kijiji.it/annunci/affitto/roma-annunci-roma/tiburtina/76291673
1969	https://www.kijiji.it/annunci/affitto/roma-annunci-roma/tiburtina/76151398
2086	https://www.kijiji.it/annunci/affitto/roma-annunci-roma/tiburtina/76113184
2254	https://www.kijiji.it/annunci/affitto/roma-annunci-roma/tiburtina/76086387
1558	https://www.kijiji.it/annunci/affitto/roma-annunci-roma/monteverde-c-ne-gianicolense/76931129
1813	https://www.kijiji.it/annunci/affitto/roma-annunci-roma/monteverde-c-ne-gianicolense/76291671
1882	https://www.kijiji.it/annunci/affitto/roma-annunci-roma/monteverde-c-ne-gianicolense/76168444
1970	https://www.kijiji.it/annunci/affitto/roma-annunci-roma/monteverde-c-ne-gianicolense/76151396
2087	https://www.kijiji.it/annunci/affitto/roma-annunci-roma/monteverde-c-ne-gianicolense/76113180
1658	https://www.kijiji.it/annunci/affitto/roma-annunci-roma/talenti/76887173
1867	https://www.kijiji.it/annunci/affitto/roma-annunci-roma/talenti/76177271
1907	https://www.kijiji.it/annunci/affitto/roma-annunci-roma/talenti/76154978
2309	https://www.kijiji.it/annunci/affitto/roma-annunci-roma/talenti/76056338
1760	https://www.kijiji.it/annunci/affitto/roma-annunci-roma/balduina/76295126
1920	https://www.kijiji.it/annunci/affitto/roma-annunci-roma/balduina/76154916
2116	https://www.kijiji.it/annunci/affitto/roma-annunci-roma/balduina/76108893
1709	https://www.kijiji.it/annunci/affitto/roma-annunci-roma/ponte-di-nona/76884706
1749	https://www.kijiji.it/annunci/affitto/roma-annunci-roma/ponte-di-nona/76295149
1864	https://www.kijiji.it/annunci/affitto/roma-annunci-roma/ponte-di-nona/76177415
1979	https://www.kijiji.it/annunci/affitto/roma-annunci-roma/ponte-di-nona/76151375
2043	https://www.kijiji.it/annunci/affitto/roma-annunci-roma/ponte-di-nona/76125359
2227	https://www.kijiji.it/annunci/affitto/roma-annunci-roma/ponte-di-nona/76089316
1712	https://www.kijiji.it/annunci/affitto/roma-annunci-roma/talenti/76884703
1752	https://www.kijiji.it/annunci/affitto/roma-annunci-roma/talenti/76295144
1865	https://www.kijiji.it/annunci/affitto/roma-annunci-roma/talenti/76177393
2004	https://www.kijiji.it/annunci/affitto/roma-annunci-roma/talenti/76133024
2076	https://www.kijiji.it/annunci/affitto/roma-annunci-roma/talenti/76113350
2282	https://www.kijiji.it/annunci/affitto/roma-annunci-roma/talenti/76064658
1713	https://www.kijiji.it/annunci/affitto/roma-annunci-roma/monteverde/76884701
1753	https://www.kijiji.it/annunci/affitto/roma-annunci-roma/monteverde/76295137
1913	https://www.kijiji.it/annunci/affitto/roma-annunci-roma/monteverde/76154931
2006	https://www.kijiji.it/annunci/affitto/roma-annunci-roma/monteverde/76132979
2078	https://www.kijiji.it/annunci/affitto/roma-annunci-roma/monteverde/76113332
1715	https://www.kijiji.it/annunci/affitto/roma-annunci-roma/portuense-vigna-pia/76884699
1755	https://www.kijiji.it/annunci/affitto/roma-annunci-roma/portuense-vigna-pia/76295134
1876	https://www.kijiji.it/annunci/affitto/roma-annunci-roma/portuense-vigna-pia/76170835
1915	https://www.kijiji.it/annunci/affitto/roma-annunci-roma/portuense-vigna-pia/76154926
2081	https://www.kijiji.it/annunci/affitto/roma-annunci-roma/portuense-vigna-pia/76113295
1903	https://www.kijiji.it/annunci/affitto/roma-annunci-roma/ostia/76157184
2250	https://www.kijiji.it/annunci/affitto/roma-annunci-roma/ostia/76086393
2326	https://www.kijiji.it/annunci/affitto/roma-annunci-roma/ostia/76042169
2073	https://www.kijiji.it/annunci/affitto/roma-annunci-roma/centocelle/76113387
2261	https://www.kijiji.it/annunci/affitto/roma-annunci-roma/centocelle/76086360
2120	https://www.kijiji.it/annunci/affitto/roma-annunci-roma/marconi/76106764
1708	https://www.kijiji.it/annunci/affitto/roma-annunci-roma/eur-corazzieri/76884707
1821	https://www.kijiji.it/annunci/affitto/roma-annunci-roma/eur-corazzieri/76291648
1977	https://www.kijiji.it/annunci/affitto/roma-annunci-roma/eur-corazzieri/76151377
2225	https://www.kijiji.it/annunci/affitto/roma-annunci-roma/eur-corazzieri/76089319
1802	https://www.kijiji.it/annunci/affitto/roma-annunci-roma/delizioso-attico-nel-cuore-di-roma/76291794
1960	https://www.kijiji.it/annunci/affitto/roma-annunci-roma/delizioso-attico-nel-cuore-di-roma/76151509
2019	https://www.kijiji.it/annunci/affitto/roma-annunci-roma/delizioso-attico-nel-cuore-di-roma/76131808
2214	https://www.kijiji.it/annunci/affitto/roma-annunci-roma/delizioso-attico-nel-cuore-di-roma/76089456
2358	https://www.kijiji.it/annunci/affitto/roma-annunci-roma/delizioso-attico-nel-cuore-di-roma/76035569
2233	https://www.kijiji.it/annunci/affitto/roma-annunci-roma/affitto-villa-bifamiliare-lusso/76089296
916	https://www.kijiji.it/annunci/affitto/roma-annunci-flaminio-parioli-pinciano/parioli-monolocale-affittasi/142482870
1295	https://www.kijiji.it/annunci/affitto/roma-annunci-roma/esquilino-via-principe-umberto-perfetto-stato-locale/136987222
1789	https://www.kijiji.it/annunci/affitto/roma-annunci-roma/locale-piazza-san-silvestro/76291853
1944	https://www.kijiji.it/annunci/affitto/roma-annunci-roma/locale-piazza-san-silvestro/76151541
2028	https://www.kijiji.it/annunci/affitto/roma-annunci-roma/locale-piazza-san-silvestro/76131376
2205	https://www.kijiji.it/annunci/affitto/roma-annunci-roma/locale-piazza-san-silvestro/76089485
2301	https://www.kijiji.it/annunci/affitto/roma-annunci-roma/locale-piazza-san-silvestro/76062228
2356	https://www.kijiji.it/annunci/affitto/roma-annunci-roma/locale-piazza-san-silvestro/76035573
2055	https://www.kijiji.it/annunci/affitto/roma-annunci-roma/prenestina/76118963
2318	https://www.kijiji.it/annunci/affitto/roma-annunci-roma/prenestina/76048234
2220	https://www.kijiji.it/annunci/affitto/roma-annunci-roma/eur-pavese/76089363
1839	https://www.kijiji.it/annunci/affitto/roma-annunci-roma/ufficio-rif-l-caro/76259286
1995	https://www.kijiji.it/annunci/affitto/roma-annunci-roma/ufficio-rif-l-caro/76148948
2054	https://www.kijiji.it/annunci/affitto/roma-annunci-roma/ufficio-rif-l-caro/76118966
2199	https://www.kijiji.it/annunci/affitto/roma-annunci-roma/ufficio-rif-l-caro/76090976
2317	https://www.kijiji.it/annunci/affitto/roma-annunci-roma/ufficio-rif-l-caro/76048256
1623	https://www.kijiji.it/annunci/affitto/roma-annunci-roma/ufficio-rif-ch1d/76926420
1640	https://www.kijiji.it/annunci/affitto/roma-annunci-roma/ufficio-rif-ch1d/76902080
1825	https://www.kijiji.it/annunci/affitto/roma-annunci-roma/ufficio-rif-ch1d/76290012
1894	https://www.kijiji.it/annunci/affitto/roma-annunci-roma/ufficio-rif-ch1d/76162485
1988	https://www.kijiji.it/annunci/affitto/roma-annunci-roma/ufficio-rif-ch1d/76148975
2049	https://www.kijiji.it/annunci/affitto/roma-annunci-roma/ufficio-rif-ch1d/76118984
2192	https://www.kijiji.it/annunci/affitto/roma-annunci-roma/ufficio-rif-ch1d/76090996
2370	https://www.kijiji.it/annunci/affitto/roma-annunci-roma/ufficio-rif-ch1d/76034080
2234	https://www.kijiji.it/annunci/affitto/roma-annunci-roma/marconi-oderisi-da-gubbio-bilocale-buone-condizioni/76089291
603	https://www.kijiji.it/annunci/affitto/roma-annunci-aurelio-boccea/appartamento-a-roma-vicino-a-a-piazza-s-pietro/102791368
846	https://www.kijiji.it/annunci/affitto/roma-annunci-aurelio-boccea/singola-zona-aurelia-san-pietro/142702118
783	https://www.kijiji.it/annunci/affitto/roma-annunci-roma/appartamento-zona-libia-via-tigra/102158163
1702	https://www.kijiji.it/annunci/affitto/roma-annunci-roma/eleganza-e-charme-nel-centro-di-roma/76884784
1801	https://www.kijiji.it/annunci/affitto/roma-annunci-roma/eleganza-e-charme-nel-centro-di-roma/76291795
1959	https://www.kijiji.it/annunci/affitto/roma-annunci-roma/eleganza-e-charme-nel-centro-di-roma/76151510
2018	https://www.kijiji.it/annunci/affitto/roma-annunci-roma/eleganza-e-charme-nel-centro-di-roma/76131810
2148	https://www.kijiji.it/annunci/affitto/roma-annunci-roma/eleganza-e-charme-nel-centro-di-roma/76095427
2213	https://www.kijiji.it/annunci/affitto/roma-annunci-roma/eleganza-e-charme-nel-centro-di-roma/76089457
2357	https://www.kijiji.it/annunci/affitto/roma-annunci-roma/eleganza-e-charme-nel-centro-di-roma/76035571
738	https://www.kijiji.it/annunci/affitto/roma-annunci-eur-portuense-magliana/negozio-con-sottonegozio/143075381
1565	https://www.kijiji.it/annunci/affitto/roma-annunci-roma/locale-centro-storico-ad-parlamento/76930951
1674	https://www.kijiji.it/annunci/affitto/roma-annunci-roma/locale-centro-storico-ad-parlamento/76886939
1770	https://www.kijiji.it/annunci/affitto/roma-annunci-roma/locale-centro-storico-ad-parlamento/76294961
1851	https://www.kijiji.it/annunci/affitto/roma-annunci-roma/locale-centro-storico-ad-parlamento/76195643
1929	https://www.kijiji.it/annunci/affitto/roma-annunci-roma/locale-centro-storico-ad-parlamento/76154687
2179	https://www.kijiji.it/annunci/affitto/roma-annunci-roma/locale-centro-storico-ad-parlamento/76092181
315	https://www.kijiji.it/annunci/affitto/roma-annunci-roma/appartamento-c-rasponi-tra-p-zza-bologna-e-p-zza-istria/119961152
952	https://www.kijiji.it/annunci/affitto/roma-annunci-roma/appartamento-aquilonia-zona-prenestina/115066268
609	https://www.kijiji.it/annunci/affitto/roma-annunci-roma/roma-torvergata-camera-doppia-in-condivisione/127608018
316	https://www.kijiji.it/annunci/affitto/roma-annunci-roma/bilocale-p-abate-zona-montemario-balduina/119960386
1625	https://www.kijiji.it/annunci/affitto/roma-annunci-roma/eur-montagnola/76926415
1735	https://www.kijiji.it/annunci/affitto/roma-annunci-roma/eur-montagnola/76482507
1827	https://www.kijiji.it/annunci/affitto/roma-annunci-roma/eur-montagnola/76290009
1990	https://www.kijiji.it/annunci/affitto/roma-annunci-roma/eur-montagnola/76148965
2194	https://www.kijiji.it/annunci/affitto/roma-annunci-roma/eur-montagnola/76090992
2308	https://www.kijiji.it/annunci/affitto/roma-annunci-roma/eur-montagnola/76057702
1566	https://www.kijiji.it/annunci/affitto/roma-annunci-roma/agazzino-centro-storico/76930950
1675	https://www.kijiji.it/annunci/affitto/roma-annunci-roma/agazzino-centro-storico/76886938
1771	https://www.kijiji.it/annunci/affitto/roma-annunci-roma/agazzino-centro-storico/76294960
1852	https://www.kijiji.it/annunci/affitto/roma-annunci-roma/agazzino-centro-storico/76195600
1930	https://www.kijiji.it/annunci/affitto/roma-annunci-roma/agazzino-centro-storico/76154684
2103	https://www.kijiji.it/annunci/affitto/roma-annunci-roma/agazzino-centro-storico/76112551
2150	https://www.kijiji.it/annunci/affitto/roma-annunci-roma/agazzino-centro-storico/76095403
1575	https://www.kijiji.it/annunci/affitto/roma-annunci-roma/ufficio-corso-trieste/76930937
1782	https://www.kijiji.it/annunci/affitto/roma-annunci-roma/ufficio-corso-trieste/76294933
1938	https://www.kijiji.it/annunci/affitto/roma-annunci-roma/ufficio-corso-trieste/76154672
2040	https://www.kijiji.it/annunci/affitto/roma-annunci-roma/ufficio-corso-trieste/76131173
2109	https://www.kijiji.it/annunci/affitto/roma-annunci-roma/ufficio-corso-trieste/76112537
2166	https://www.kijiji.it/annunci/affitto/roma-annunci-roma/ufficio-corso-trieste/76095348
2303	https://www.kijiji.it/annunci/affitto/roma-annunci-roma/ufficio-corso-trieste/76062075
1581	https://www.kijiji.it/annunci/affitto/roma-annunci-roma/ufficio-12-locali-rif-ln13001/76929047
2044	https://www.kijiji.it/annunci/affitto/roma-annunci-roma/ufficio-12-locali-rif-ln13001/76122773
2114	https://www.kijiji.it/annunci/affitto/roma-annunci-roma/ufficio-12-locali-rif-ln13001/76109013
2174	https://www.kijiji.it/annunci/affitto/roma-annunci-roma/ufficio-12-locali-rif-ln13001/76092851
2371	https://www.kijiji.it/annunci/affitto/roma-annunci-roma/ufficio-12-locali-rif-ln13001/76033030
918	https://www.kijiji.it/annunci/affitto/roma-annunci-roma/stanza-presso-ufficio-zona-nuovo-salario/142471449
1700	https://www.kijiji.it/annunci/affitto/roma-annunci-roma/caratteristico-ufficio-nel-cuore-della-citta/76884802
1763	https://www.kijiji.it/annunci/affitto/roma-annunci-roma/caratteristico-ufficio-nel-cuore-della-citta/76295009
1886	https://www.kijiji.it/annunci/affitto/roma-annunci-roma/caratteristico-ufficio-nel-cuore-della-citta/76167036
2100	https://www.kijiji.it/annunci/affitto/roma-annunci-roma/caratteristico-ufficio-nel-cuore-della-citta/76112691
2244	https://www.kijiji.it/annunci/affitto/roma-annunci-roma/caratteristico-ufficio-nel-cuore-della-citta/76086477
1540	https://www.kijiji.it/annunci/affitto/roma-annunci-roma/ufficio-13-locali-rif-mazzola420/76938773
1728	https://www.kijiji.it/annunci/affitto/roma-annunci-roma/ufficio-13-locali-rif-mazzola420/76883432
1740	https://www.kijiji.it/annunci/affitto/roma-annunci-roma/ufficio-13-locali-rif-mazzola420/76302382
1898	https://www.kijiji.it/annunci/affitto/roma-annunci-roma/ufficio-13-locali-rif-mazzola420/76160355
1900	https://www.kijiji.it/annunci/affitto/roma-annunci-roma/ufficio-13-locali-rif-mazzola420/76158974
993	https://www.kijiji.it/annunci/affitto/roma-annunci-roma/affitto-locale-c1-mq-190-via-di-borghesiana/135276427
1651	https://www.kijiji.it/annunci/affitto/roma-annunci-roma/ufficio-piazza-fiume/76894698
1941	https://www.kijiji.it/annunci/affitto/roma-annunci-roma/ufficio-piazza-fiume/76154663
2112	https://www.kijiji.it/annunci/affitto/roma-annunci-roma/ufficio-piazza-fiume/76112516
2168	https://www.kijiji.it/annunci/affitto/roma-annunci-roma/ufficio-piazza-fiume/76095341
2306	https://www.kijiji.it/annunci/affitto/roma-annunci-roma/ufficio-piazza-fiume/76062032
1671	https://www.kijiji.it/annunci/affitto/roma-annunci-roma/fascino-e-charme-a-due-passi-da-piazza-farnese/76886992
2022	https://www.kijiji.it/annunci/affitto/roma-annunci-roma/fascino-e-charme-a-due-passi-da-piazza-farnese/76131751
2217	https://www.kijiji.it/annunci/affitto/roma-annunci-roma/fascino-e-charme-a-due-passi-da-piazza-farnese/76089435
731	https://www.kijiji.it/annunci/affitto/roma-annunci-tiburtino-collatino/appartamento-sito-in-roma-tiburtina-metro-rebibbia/124029465
1747	https://www.kijiji.it/annunci/affitto/roma-annunci-roma/talenti/76295156
1908	https://www.kijiji.it/annunci/affitto/roma-annunci-roma/talenti/76154957
2069	https://www.kijiji.it/annunci/affitto/roma-annunci-roma/talenti/76113427
2141	https://www.kijiji.it/annunci/affitto/roma-annunci-roma/talenti/76095584
2258	https://www.kijiji.it/annunci/affitto/roma-annunci-roma/talenti/76086370
2276	https://www.kijiji.it/annunci/affitto/roma-annunci-roma/talenti/76064876
913	https://www.kijiji.it/annunci/affitto/roma-annunci-tiburtino-collatino/negozio-tiburtina/115743291
1626	https://www.kijiji.it/annunci/affitto/roma-annunci-roma/negozio-rif-valadier/76926413
1828	https://www.kijiji.it/annunci/affitto/roma-annunci-roma/negozio-rif-valadier/76290007
1835	https://www.kijiji.it/annunci/affitto/roma-annunci-roma/negozio-rif-valadier/76259311
1991	https://www.kijiji.it/annunci/affitto/roma-annunci-roma/negozio-rif-valadier/76148958
2050	https://www.kijiji.it/annunci/affitto/roma-annunci-roma/negozio-rif-valadier/76118978
2195	https://www.kijiji.it/annunci/affitto/roma-annunci-roma/negozio-rif-valadier/76090988
2313	https://www.kijiji.it/annunci/affitto/roma-annunci-roma/negozio-rif-valadier/76048272
1541	https://www.kijiji.it/annunci/affitto/roma-annunci-roma/eur-mostacciano/76938769
1729	https://www.kijiji.it/annunci/affitto/roma-annunci-roma/eur-mostacciano/76883431
1741	https://www.kijiji.it/annunci/affitto/roma-annunci-roma/eur-mostacciano/76302379
1860	https://www.kijiji.it/annunci/affitto/roma-annunci-roma/eur-mostacciano/76190144
1901	https://www.kijiji.it/annunci/affitto/roma-annunci-roma/eur-mostacciano/76158937
2363	https://www.kijiji.it/annunci/affitto/roma-annunci-roma/eur-mostacciano/76034114
1786	https://www.kijiji.it/annunci/affitto/roma-annunci-roma/locale-commerciale-campo-dei-fiori/76291856
2025	https://www.kijiji.it/annunci/affitto/roma-annunci-roma/locale-commerciale-campo-dei-fiori/76131451
2160	https://www.kijiji.it/annunci/affitto/roma-annunci-roma/locale-commerciale-campo-dei-fiori/76095381
2353	https://www.kijiji.it/annunci/affitto/roma-annunci-roma/locale-commerciale-campo-dei-fiori/76035584
1627	https://www.kijiji.it/annunci/affitto/roma-annunci-roma/ufficio-rif-pascarella/76926412
1829	https://www.kijiji.it/annunci/affitto/roma-annunci-roma/ufficio-rif-pascarella/76290006
1836	https://www.kijiji.it/annunci/affitto/roma-annunci-roma/ufficio-rif-pascarella/76259297
1992	https://www.kijiji.it/annunci/affitto/roma-annunci-roma/ufficio-rif-pascarella/76148957
2051	https://www.kijiji.it/annunci/affitto/roma-annunci-roma/ufficio-rif-pascarella/76118976
2196	https://www.kijiji.it/annunci/affitto/roma-annunci-roma/ufficio-rif-pascarella/76090987
2314	https://www.kijiji.it/annunci/affitto/roma-annunci-roma/ufficio-rif-pascarella/76048269
2268	https://www.kijiji.it/annunci/affitto/roma-annunci-roma/viale-platone-ad-circonvalazione-trionfale/76066006
1655	https://www.kijiji.it/annunci/affitto/roma-annunci-roma/delizioso-attico-con-affacci-sul-quirinale/76888147
1797	https://www.kijiji.it/annunci/affitto/roma-annunci-roma/delizioso-attico-con-affacci-sul-quirinale/76291823
1875	https://www.kijiji.it/annunci/affitto/roma-annunci-roma/delizioso-attico-con-affacci-sul-quirinale/76172028
2061	https://www.kijiji.it/annunci/affitto/roma-annunci-roma/delizioso-attico-con-affacci-sul-quirinale/76115902
2332	https://www.kijiji.it/annunci/affitto/roma-annunci-roma/delizioso-attico-con-affacci-sul-quirinale/76040929
1843	https://www.kijiji.it/annunci/affitto/roma-annunci-roma/immobile-commerciale-indipendente/76196710
2057	https://www.kijiji.it/annunci/affitto/roma-annunci-roma/immobile-commerciale-indipendente/76118928
2123	https://www.kijiji.it/annunci/affitto/roma-annunci-roma/immobile-commerciale-indipendente/76103579
2320	https://www.kijiji.it/annunci/affitto/roma-annunci-roma/immobile-commerciale-indipendente/76048192
2269	https://www.kijiji.it/annunci/affitto/roma-annunci-roma/ostia-affittasi-locale-commerciale/76065734
1042	https://www.kijiji.it/annunci/affitto/roma-annunci-altre-zone/piazza-sabioneta-privato-affitta-box/140552413
1873	https://www.kijiji.it/annunci/affitto/roma-annunci-roma/stabile-rif-cf14/76172665
2264	https://www.kijiji.it/annunci/affitto/roma-annunci-roma/stabile-rif-cf14/76084724
2290	https://www.kijiji.it/annunci/affitto/roma-annunci-roma/stabile-rif-cf14/76062687
2366	https://www.kijiji.it/annunci/affitto/roma-annunci-roma/stabile-rif-cf14/76034103
1869	https://www.kijiji.it/annunci/affitto/roma-annunci-roma/ufficio-rif-ch1a/76173304
2266	https://www.kijiji.it/annunci/affitto/roma-annunci-roma/ufficio-rif-ch1a/76084717
2288	https://www.kijiji.it/annunci/affitto/roma-annunci-roma/ufficio-rif-ch1a/76062695
1823	https://www.kijiji.it/annunci/affitto/roma-annunci-roma/ufficio-rif-ch1b/76290014
1870	https://www.kijiji.it/annunci/affitto/roma-annunci-roma/ufficio-rif-ch1b/76173298
2267	https://www.kijiji.it/annunci/affitto/roma-annunci-roma/ufficio-rif-ch1b/76084712
2287	https://www.kijiji.it/annunci/affitto/roma-annunci-roma/ufficio-rif-ch1b/76062729
2368	https://www.kijiji.it/annunci/affitto/roma-annunci-roma/ufficio-rif-ch1b/76034089
1641	https://www.kijiji.it/annunci/affitto/roma-annunci-roma/ufficio-rif-ch1c/76902079
1824	https://www.kijiji.it/annunci/affitto/roma-annunci-roma/ufficio-rif-ch1c/76290013
1871	https://www.kijiji.it/annunci/affitto/roma-annunci-roma/ufficio-rif-ch1c/76173297
1896	https://www.kijiji.it/annunci/affitto/roma-annunci-roma/ufficio-rif-ch1c/76161107
1987	https://www.kijiji.it/annunci/affitto/roma-annunci-roma/ufficio-rif-ch1c/76148976
2243	https://www.kijiji.it/annunci/affitto/roma-annunci-roma/ufficio-rif-ch1c/76088015
2369	https://www.kijiji.it/annunci/affitto/roma-annunci-roma/ufficio-rif-ch1c/76034085
1874	https://www.kijiji.it/annunci/affitto/roma-annunci-roma/ufficio-rif-ch1/76172663
2265	https://www.kijiji.it/annunci/affitto/roma-annunci-roma/ufficio-rif-ch1/76084719
2289	https://www.kijiji.it/annunci/affitto/roma-annunci-roma/ufficio-rif-ch1/76062692
2367	https://www.kijiji.it/annunci/affitto/roma-annunci-roma/ufficio-rif-ch1/76034100
1628	https://www.kijiji.it/annunci/affitto/roma-annunci-roma/ufficio-rif-solferino-289/76926411
1837	https://www.kijiji.it/annunci/affitto/roma-annunci-roma/ufficio-rif-solferino-289/76259294
1993	https://www.kijiji.it/annunci/affitto/roma-annunci-roma/ufficio-rif-solferino-289/76148955
2052	https://www.kijiji.it/annunci/affitto/roma-annunci-roma/ufficio-rif-solferino-289/76118975
2197	https://www.kijiji.it/annunci/affitto/roma-annunci-roma/ufficio-rif-solferino-289/76090986
2315	https://www.kijiji.it/annunci/affitto/roma-annunci-roma/ufficio-rif-solferino-289/76048265
1701	https://www.kijiji.it/annunci/affitto/roma-annunci-roma/elegante-appartamento-in-stile-classico/76884796
1796	https://www.kijiji.it/annunci/affitto/roma-annunci-roma/elegante-appartamento-in-stile-classico/76291829
1925	https://www.kijiji.it/annunci/affitto/roma-annunci-roma/elegante-appartamento-in-stile-classico/76154707
2102	https://www.kijiji.it/annunci/affitto/roma-annunci-roma/elegante-appartamento-in-stile-classico/76112661
2175	https://www.kijiji.it/annunci/affitto/roma-annunci-roma/elegante-appartamento-in-stile-classico/76092208
1542	https://www.kijiji.it/annunci/affitto/roma-annunci-roma/stabile-rif-bs011/76938704
1742	https://www.kijiji.it/annunci/affitto/roma-annunci-roma/stabile-rif-bs011/76302323
1902	https://www.kijiji.it/annunci/affitto/roma-annunci-roma/stabile-rif-bs011/76158929
2191	https://www.kijiji.it/annunci/affitto/roma-annunci-roma/stabile-rif-bs011/76090999
2364	https://www.kijiji.it/annunci/affitto/roma-annunci-roma/stabile-rif-bs011/76034106
1328	https://www.kijiji.it/annunci/affitto/roma-annunci-roma/locali-e-licenze-commerciali-situato-a-roma-di-330-mq-rif/128864487
1788	https://www.kijiji.it/annunci/affitto/roma-annunci-roma/locale-centro-piazza-di-spagna/76291854
1943	https://www.kijiji.it/annunci/affitto/roma-annunci-roma/locale-centro-piazza-di-spagna/76151542
2027	https://www.kijiji.it/annunci/affitto/roma-annunci-roma/locale-centro-piazza-di-spagna/76131383
2162	https://www.kijiji.it/annunci/affitto/roma-annunci-roma/locale-centro-piazza-di-spagna/76095372
2204	https://www.kijiji.it/annunci/affitto/roma-annunci-roma/locale-centro-piazza-di-spagna/76089486
2300	https://www.kijiji.it/annunci/affitto/roma-annunci-roma/locale-centro-piazza-di-spagna/76062232
2355	https://www.kijiji.it/annunci/affitto/roma-annunci-roma/locale-centro-piazza-di-spagna/76035579
1290	https://www.kijiji.it/annunci/affitto/roma-annunci-eur-portuense-magliana/agrituriamo-la-muratella-rif-504285/137172558
1291	https://www.kijiji.it/annunci/affitto/roma-annunci-eur-portuense-magliana/agrituriamo-la-muratella-rif-504284/137172559
